/*!40101 SET NAMES utf8 */;
/*!40014 SET FOREIGN_KEY_CHECKS=0 */;
/*!40101 SET SQL_MODE='NO_AUTO_VALUE_ON_ZERO' */;
/*!40111 SET SQL_NOTES=0 */;
CREATE DATABASE
/*!32312 IF NOT EXISTS*/
ecommerce_fashion
/*!40100 DEFAULT CHARACTER SET utf8mb4 */;
USE ecommerce_fashion;
DROP TABLE IF EXISTS cart_items;
CREATE TABLE `cart_items` (
  `id` int NOT NULL AUTO_INCREMENT,
  `cart_id` int DEFAULT NULL,
  `product_id` int DEFAULT NULL,
  `quantity` int DEFAULT NULL,
  PRIMARY KEY (`id`),
  KEY `cart_id` (`cart_id`),
  KEY `product_id` (`product_id`),
  CONSTRAINT `cart_items_ibfk_1` FOREIGN KEY (`cart_id`) REFERENCES `carts` (`id`),
  CONSTRAINT `cart_items_ibfk_2` FOREIGN KEY (`product_id`) REFERENCES `products` (`id`)
) ENGINE = InnoDB DEFAULT CHARSET = utf8mb4 COLLATE = utf8mb4_unicode_ci;
DROP TABLE IF EXISTS carts;
CREATE TABLE `carts` (
  `id` int NOT NULL AUTO_INCREMENT,
  `user_id` int DEFAULT NULL,
  PRIMARY KEY (`id`),
  KEY `user_id` (`user_id`),
  CONSTRAINT `carts_ibfk_1` FOREIGN KEY (`user_id`) REFERENCES `users` (`id`)
) ENGINE = InnoDB DEFAULT CHARSET = utf8mb4 COLLATE = utf8mb4_unicode_ci;
DROP TABLE IF EXISTS categories;
CREATE TABLE `categories` (
  `id` int NOT NULL AUTO_INCREMENT,
  `name` varchar(255) COLLATE utf8mb4_unicode_ci NOT NULL,
  `description` varchar(255) COLLATE utf8mb4_unicode_ci DEFAULT NULL,
  PRIMARY KEY (`id`)
) ENGINE = InnoDB AUTO_INCREMENT = 5 DEFAULT CHARSET = utf8mb4 COLLATE = utf8mb4_unicode_ci;
DROP TABLE IF EXISTS order_items;
CREATE TABLE `order_items` (
  `id` int NOT NULL AUTO_INCREMENT,
  `product_id` int DEFAULT NULL,
  `order_id` int DEFAULT NULL,
  `quantity` int DEFAULT NULL,
  PRIMARY KEY (`id`),
  KEY `product_id` (`product_id`),
  KEY `order_id` (`order_id`),
  CONSTRAINT `order_items_ibfk_1` FOREIGN KEY (`product_id`) REFERENCES `products` (`id`),
  CONSTRAINT `order_items_ibfk_2` FOREIGN KEY (`order_id`) REFERENCES `orders` (`id`)
) ENGINE = InnoDB DEFAULT CHARSET = utf8mb4 COLLATE = utf8mb4_unicode_ci;
DROP TABLE IF EXISTS orders;
CREATE TABLE `orders` (
  `id` int NOT NULL AUTO_INCREMENT,
  `user_id` int NOT NULL,
  `status` enum(
    'Chờ thanh toán',
    'Đang vận chuyển',
    'Đã thanh toán',
    'Giao hàng thành công',
    'Đã hủy đơn hàng'
  ) COLLATE utf8mb4_unicode_ci NOT NULL,
  `first_name` varchar(255) COLLATE utf8mb4_unicode_ci NOT NULL,
  `last_name` varchar(255) COLLATE utf8mb4_unicode_ci NOT NULL,
  `email` varchar(255) COLLATE utf8mb4_unicode_ci DEFAULT NULL,
  `phone` varchar(11) COLLATE utf8mb4_unicode_ci NOT NULL,
  `location` varchar(255) COLLATE utf8mb4_unicode_ci NOT NULL,
  `total_price` int DEFAULT NULL,
  PRIMARY KEY (`id`),
  KEY `user_id` (`user_id`),
  CONSTRAINT `orders_ibfk_1` FOREIGN KEY (`user_id`) REFERENCES `users` (`id`)
) ENGINE = InnoDB DEFAULT CHARSET = utf8mb4 COLLATE = utf8mb4_unicode_ci;
DROP TABLE IF EXISTS product_images;
CREATE TABLE `product_images` (
  `id` int NOT NULL AUTO_INCREMENT,
  `product_id` int DEFAULT NULL,
  `uri` varchar(255) COLLATE utf8mb4_unicode_ci NOT NULL,
  PRIMARY KEY (`id`),
  KEY `product_id` (`product_id`),
  CONSTRAINT `product_images_ibfk_1` FOREIGN KEY (`product_id`) REFERENCES `products` (`id`)
) ENGINE = InnoDB AUTO_INCREMENT = 150 DEFAULT CHARSET = utf8mb4 COLLATE = utf8mb4_unicode_ci;
DROP TABLE IF EXISTS product_properties;
CREATE TABLE `product_properties` (
  `id` int NOT NULL AUTO_INCREMENT,
  `product_id` int NOT NULL,
  `key` varchar(255) COLLATE utf8mb4_unicode_ci NOT NULL,
  `value` varchar(255) COLLATE utf8mb4_unicode_ci NOT NULL,
  PRIMARY KEY (`id`),
  KEY `product_id` (`product_id`),
  CONSTRAINT `product_properties_ibfk_1` FOREIGN KEY (`product_id`) REFERENCES `products` (`id`)
) ENGINE = InnoDB DEFAULT CHARSET = utf8mb4 COLLATE = utf8mb4_unicode_ci;
DROP TABLE IF EXISTS products;
CREATE TABLE `products` (
  `id` int NOT NULL AUTO_INCREMENT,
  `name` varchar(255) COLLATE utf8mb4_unicode_ci NOT NULL,
  `description` text COLLATE utf8mb4_unicode_ci,
  `price` int DEFAULT NULL,
  `sale_percent` float DEFAULT NULL,
  `category_id` int DEFAULT NULL,
  `quantity` int DEFAULT NULL,
  PRIMARY KEY (`id`),
  KEY `category_id` (`category_id`),
  CONSTRAINT `products_ibfk_1` FOREIGN KEY (`category_id`) REFERENCES `categories` (`id`)
) ENGINE = InnoDB AUTO_INCREMENT = 41 DEFAULT CHARSET = utf8mb4 COLLATE = utf8mb4_unicode_ci;
DROP TABLE IF EXISTS users;
CREATE TABLE `users` (
  `id` int NOT NULL AUTO_INCREMENT,
  `username` varchar(255) COLLATE utf8mb4_unicode_ci NOT NULL,
  `email` varchar(255) COLLATE utf8mb4_unicode_ci DEFAULT NULL,
  `password` varchar(255) COLLATE utf8mb4_unicode_ci NOT NULL,
  `role` enum('admin', 'customer') COLLATE utf8mb4_unicode_ci NOT NULL,
  PRIMARY KEY (`id`),
  UNIQUE KEY `username` (`username`)
) ENGINE = InnoDB AUTO_INCREMENT = 2 DEFAULT CHARSET = utf8mb4 COLLATE = utf8mb4_unicode_ci;
INSERT INTO
  categories(id, name, description)
VALUES(1, 'Quần', NULL),(2, 'Áo', NULL),(3, 'Váy', NULL),(4, 'Đồ ngủ', NULL);
INSERT INTO
  product_images(id, product_id, uri)
VALUES(2, 1, '1.jpg'),(3, 1, '1a.jpg'),(4, 1, '1b.jpg'),(5, 1, '1c.jpg'),(6, 2, '2.jpg'),(7, 2, '2a.jpg'),(8, 2, '2b.jpg'),(9, 2, '2c.jpg'),(10, 3, '3.jpg'),(11, 3, '3a.jpg'),(12, 3, '3b.jpg'),(13, 4, '4.jpg'),(14, 4, '4a.jpg'),(15, 4, '4b.jpg'),(16, 4, '4c.jpg'),(17, 5, '5.jpg'),(18, 5, '5a.jpg'),(19, 5, '5b.jpg'),(20, 5, '5c.jpg'),(21, 6, '6.jpg'),(22, 6, '6a.jpg'),(23, 6, '6b.jpg'),(24, 7, '7.jpg'),(25, 7, '7a.jpg'),(26, 7, '7b.jpg'),(27, 7, '7c.jpg'),(28, 8, '8.jpg'),(29, 8, '8a.jpg'),(30, 8, '8b.jpg'),(31, 8, '8c.jpg'),(32, 9, '9.jpg'),(33, 9, '9a.jpg'),(34, 9, '9b.jpg'),(35, 9, '9c.jpg'),(36, 10, '10.jpg'),(37, 10, '10a.jpg'),(38, 10, '10b.jpg'),(39, 10, '10c.jpg'),(40, 11, '11.jpg'),(41, 11, '11a.jpg'),(42, 11, '11b.jpg'),(43, 11, '11c.jpg'),(44, 12, '12.jpg'),(45, 12, '12a.jpg'),(46, 12, '12b.jpg'),(47, 13, '13.jpg'),(48, 13, '13a.jpg'),(49, 13, '13b.jpg'),(50, 14, '14.jpg'),(51, 14, '14a.jpg'),(52, 14, '14b.jpg'),(53, 14, '14c.jpg'),(54, 15, '15.jpg'),(55, 15, '15a.jpg'),(56, 15, '15b.jpg'),(57, 15, '15c.jpg'),(58, 16, '16.jpg'),(59, 16, '16a.jpg'),(60, 16, '16b.jpg'),(61, 16, '16c.jpg'),(62, 17, '17.jpg'),(63, 17, '17a.jpg'),(64, 17, '17b.jpg'),(65, 17, '17c.jpg'),(66, 18, '18.jpg'),(67, 18, '18a.jpg'),(68, 18, '18b.jpg'),(69, 19, '19.jpg'),(70, 19, '19a.jpg'),(71, 19, '19b.jpg'),(72, 19, '19c.jpg'),(73, 20, '20.jpg'),(74, 20, '20a.jpg'),(75, 20, '20b.jpg'),(76, 20, '20c.jpg'),(77, 21, '21.jpg'),(78, 21, '21a.jpg'),(79, 21, '21b.jpg'),(80, 22, '22.jpg'),(81, 22, '22a.jpg'),(82, 22, '22b.jpg'),(83, 23, '23.jpg'),(84, 23, '23a.jpg'),(85, 23, '23b.jpg'),(86, 23, '23c.jpg'),(87, 24, '24.jpg'),(88, 24, '24a.jpg'),(89, 24, '24b.jpg'),(90, 24, '24c.jpg'),(91, 25, '25.jpg'),(92, 25, '25a.jpg'),(93, 25, '25b.jpg'),(94, 25, '25c.jpg'),(95, 26, '26.jpg'),(96, 26, '26a.jpg'),(97, 26, '26b.jpg'),(98, 26, '26c.jpg'),(99, 27, '27.jpg'),(100, 27, '27a.jpg'),(101, 27, '27b.jpg'),(102, 27, '27c.jpg'),(103, 28, '28.jpg'),(104, 28, '28a.jpg'),(105, 28, '28b.jpg'),(106, 28, '28c.jpg'),(107, 29, '29.jpg'),(108, 29, '29a.jpg'),(109, 29, '29b.jpg'),(110, 29, '29c.jpg'),(111, 30, '30.jpg'),(112, 30, '30a.jpg'),(113, 30, '30b.jpg'),(114, 30, '30c.jpg'),(115, 31, '31.jpg'),(116, 31, '31a.jpg'),(117, 31, '31b.jpg'),(118, 32, '32.jpg'),(119, 32, '32a.jpg'),(120, 32, '32b.jpg'),(121, 33, '33.jpg'),(122, 33, '33a.jpg'),(123, 33, '33b.jpg'),(124, 34, '34.jpg'),(125, 34, '34a.jpg'),(126, 34, '34b.jpg'),(127, 34, '34c.jpg'),(128, 35, '35.jpg'),(129, 35, '35a.jpg'),(130, 35, '35b.jpg'),(131, 36, '36.jpg'),(132, 36, '36a.jpg'),(133, 36, '36b.jpg'),(134, 36, '36c.jpg'),(135, 37, '37.jpg'),(136, 37, '37a.jpg'),(137, 37, '37b.jpg'),(138, 37, '37c.jpg'),(139, 38, '38.jpg'),(140, 38, '38a.jpg'),(141, 38, '38b.jpg'),(142, 39, '39.jpg'),(143, 39, '39a.jpg'),(144, 39, '39b.jpg'),(145, 39, '39c.jpg'),(146, 40, '40.jpg'),(147, 40, '40a.jpg'),(148, 40, '40b.jpg'),(149, 40, '40c.jpg');
INSERT INTO
  products(
    id,
    name,
    description,
    price,
    sale_percent,
    category_id,
    quantity
  )
VALUES(
    1,
    'SET ĐỒ NGỦ ULZZANG BỒ CÔNG ANH VẢI MÁT',
    X '4368e1baa574206c69e1bb87753a206ce1bba561205068c3a1702063616f2063e1baa5702c206de1bb816d206de1baa1692c2074686fc3a16e67206dc3a1742c206de1bb8f6e67206de1bb8b6e2c20c3aa6d2064e1bb8b752076e1bb9b69206cc3a06e2064612c2063c3a163206de1bab92062e1bb896d2073e1bbaf612063c3b3207468e1bb8320c3b46d20636f6e2074686fe1baa369206dc3a169206b6869206de1bab7632073e1baa36e207068e1baa96d206ec3a079206dc3a0206b68c3b46e67206c6f2073e1babd206cc3a06d206cc3a06e2064612062c3a92062e1bb8b206bc3ad636820e1bba96e672e',
    169000,
    0,
    4,
    100
  ),(
    2,
    'Đồ bộ mặc nhà dễ thương JANE họa tiết dâu HD04',
    X 'c490c6b0e1bb9d6e67206d6179206368e1baaf63206368e1baaf6e2076c3a02074e1bb89206de1bb8920c491e1baa36d2062e1baa36f207472e1baa369206e676869e1bb876d2074e1bb9174206e68e1baa574206b68692073e1bbad2064e1bba56e672073e1baa36e207068e1baa96d2e0a2020202043c3b46e672064e1bba56e673a20c491656d206ce1baa1692073e1bbb12078696e6820c491e1bab9702076c3a02074686fe1baa369206dc3a169206e68e1baa5742063686f206b68c3a163682068c3a06e672e',
    169000,
    0,
    4,
    120
  ),(
    3,
    'Mùa hè địu nữ váy ngủ mùa hè mỏng dệt bông dễ thương ngọt ngào nơ phong cách cổ tích váy ngủ không tay',
    X 'c490c6b0e1bb9d6e67206d6179206368e1baaf63206368e1baaf6e2076c3a02074e1bb89206de1bb8920c491e1baa36d2062e1baa36f207472e1baa369206e676869e1bb876d2074e1bb9174206e68e1baa574206b68692073e1bbad2064e1bba56e672073e1baa36e207068e1baa96d2e0a2020202043c3b46e672064e1bba56e673a20c491656d206ce1baa1692073e1bbb12078696e6820c491e1bab9702076c3a02074686fe1baa369206dc3a169206e68e1baa5742063686f206b68c3a163682068c3a06e672e',
    269000,
    0,
    4,
    110
  ),(
    4,
    'Váy ngủ 2 dây đầm ngủ thun mềm mịn, thoáng mát [VN01]',
    X '4368e1baa574206c69e1bb87753a206ce1bba561205068c3a1702063616f2063e1baa5702c206de1bb816d206de1baa1692c2074686fc3a16e67206dc3a1742c206de1bb8f6e67206de1bb8b6e2c20c3aa6d2064e1bb8b752076e1bb9b69206cc3a06e2064612c2063c3a163206de1bab92062e1bb896d2073e1bbaf612063c3b3207468e1bb8320c3b46d20636f6e2074686fe1baa369206dc3a169206b6869206de1bab7632073e1baa36e207068e1baa96d206ec3a079206dc3a0206b68c3b46e67206c6f2073e1babd206cc3a06d206cc3a06e2064612062c3a92062e1bb8b206bc3ad636820e1bba96e672e',
    149000,
    0,
    4,
    90
  ),(
    5,
    'Đồ ngủ 2 dây nữ có đệm ngực bộ đồ mặc nhà mặc đi biển dễ thương [BC18]',
    X '4368e1baa574206c69e1bb87753a206ce1bba561205068c3a1702063616f2063e1baa5702c206de1bb816d206de1baa1692c2074686fc3a16e67206dc3a1742c206de1bb8f6e67206de1bb8b6e2c20c3aa6d2064e1bb8b752076e1bb9b69206cc3a06e2064612c2063c3a163206de1bab92062e1bb896d2073e1bbaf612063c3b3207468e1bb8320c3b46d20636f6e2074686fe1baa369206dc3a169206b6869206de1bab7632073e1baa36e207068e1baa96d206ec3a079206dc3a0206b68c3b46e67206c6f2073e1babd206cc3a06d206cc3a06e2064612062c3a92062e1bb8b206bc3ad636820e1bba96e672e',
    179000,
    0,
    4,
    99
  ),(
    6,
    'Bộ đồ mặc nhà chất liệu đũi JANE mã D101',
    X '20546869e1babf74206be1babf20c491e1bb996320717579e1bb816e2078696e682078e1baaf6e2c20c491e1bb996320c491c3a16f2076e1bb9b6920666f726d2070696a616d612063e1bb9520c49169e1bb836e20c491c6a16e206769e1baa36e2c2074686fe1baa369206dc3a1692c207175e1baa76e2063e1bb99632063c3b96e6720c3a16f2063e1bb99632063e1bbb163207472e1babb207472756e672c206dc3a174206de1babb2063686f206dc3b9612068c3a82e2048e1bb8d61207469e1babf74206be1babb2078696e682078e1baaf6e2c207472656e64792070686f6e672063c3a163682048c3a06e205175e1bb91632063686f2063c3a1632063c3b4206ec3a06e67207468e1bb8f612073e1bba963206ce1bbb161206368e1bb8d6e2e',
    189000,
    0,
    4,
    69
  ),(
    7,
    'Đồ ngủ - Set Pijama lụa JANE quần cộc, áo cộc họa tiết dễ thương phong cách Hàn Quốc LP10',
    X '4368e1baa574206c69e1bb87753a206ce1bba561205068c3a1702063616f2063e1baa5702c206de1bb816d206de1baa1692c2074686fc3a16e67206dc3a1742c206de1bb8f6e67206de1bb8b6e2c20c3aa6d2064e1bb8b752076e1bb9b69206cc3a06e2064612c2063c3a163206de1bab92062e1bb896d2073e1bbaf612063c3b3207468e1bb8320c3b46d20636f6e2074686fe1baa369206dc3a169206b6869206de1bab7632073e1baa36e207068e1baa96d206ec3a079206dc3a0206b68c3b46e67206c6f2073e1babd206cc3a06d206cc3a06e2064612062c3a92062e1bb8b206bc3ad636820e1bba96e672e0a20202020c490c6b0e1bb9d6e67206d6179206368e1baaf63206368e1baaf6e2076c3a02074e1bb89206de1bb8920c491e1baa36d2062e1baa36f207472e1baa369206e676869e1bb876d2074e1bb9174206e68e1baa574206b68692073e1bbad2064e1bba56e672073e1baa36e207068e1baa96d2e',
    299000,
    0,
    4,
    96
  ),(
    8,
    'Bộ đồ ngủ lụa Pháp JANE nơ cổ mã LP40',
    X '20546869e1babf74206be1babf20c491e1bb996320717579e1bb816e2078696e682078e1baaf6e2c20c491e1bb996320c491c3a16f2076e1bb9b6920666f726d2070696a616d612063e1bb9520c49169e1bb836e20c491c6a16e206769e1baa36e2c2074686fe1baa369206dc3a1692c207175e1baa76e2063e1bb99632063c3b96e6720c3a16f2063e1bb99632063e1bbb163207472e1babb207472756e672c206dc3a174206de1babb2063686f206dc3b9612068c3a82e2048e1bb8d61207469e1babf74206be1babb2078696e682078e1baaf6e2c207472656e64792070686f6e672063c3a163682048c3a06e205175e1bb91632063686f2063c3a1632063c3b4206ec3a06e67207468e1bb8f612073e1bba963206ce1bbb161206368e1bb8d6e2e',
    269000,
    0,
    4,
    96
  ),(
    9,
    'Bộ đồ thiết kế cổ vuông viền bèo áo dài quần dài JANE chất liệu vài đũi',
    X '4368e1baa574206c69e1bb87753a206ce1bba561205068c3a1702063616f2063e1baa5702c206de1bb816d206de1baa1692c2074686fc3a16e67206dc3a1742c206de1bb8f6e67206de1bb8b6e2c20c3aa6d2064e1bb8b752076e1bb9b69206cc3a06e2064612c2063c3a163206de1bab92062e1bb896d2073e1bbaf612063c3b3207468e1bb8320c3b46d20636f6e2074686fe1baa369206dc3a169206b6869206de1bab7632073e1baa36e207068e1baa96d206ec3a079206dc3a0206b68c3b46e67206c6f2073e1babd206cc3a06d206cc3a06e2064612062c3a92062e1bb8b206bc3ad636820e1bba96e672e0a20202020c490c6b0e1bb9d6e67206d6179206368e1baaf63206368e1baaf6e2076c3a02074e1bb89206de1bb8920c491e1baa36d2062e1baa36f207472e1baa369206e676869e1bb876d2074e1bb9174206e68e1baa574206b68692073e1bbad2064e1bba56e672073e1baa36e207068e1baa96d2e',
    119000,
    0,
    4,
    20
  ),(
    10,
    'Set đồ mặc nhà vải mềm dễ thương ( có ảnh thật )',
    X '4368e1baa574206c69e1bb87753a206ce1bba561205068c3a1702063616f2063e1baa5702c206de1bb816d206de1baa1692c2074686fc3a16e67206dc3a1742c206de1bb8f6e67206de1bb8b6e2c20c3aa6d2064e1bb8b752076e1bb9b69206cc3a06e2064612c2063c3a163206de1bab92062e1bb896d2073e1bbaf612063c3b3207468e1bb8320c3b46d20636f6e2074686fe1baa369206dc3a169206b6869206de1bab7632073e1baa36e207068e1baa96d206ec3a079206dc3a0206b68c3b46e67206c6f2073e1babd206cc3a06d206cc3a06e2064612062c3a92062e1bb8b206bc3ad636820e1bba96e672e0a2020202020546869e1babf74206be1babf20c491e1bb996320717579e1bb816e2078696e682078e1baaf6e2c20c491e1bb996320c491c3a16f2076e1bb9b6920666f726d2070696a616d612063e1bb9520c49169e1bb836e20c491c6a16e206769e1baa36e2c2074686fe1baa369206dc3a1692c207175e1baa76e2063e1bb99632063c3b96e6720c3a16f2063e1bb99632063e1bbb163207472e1babb207472756e672c206dc3a174206de1babb2063686f206dc3b9612068c3a82e2048e1bb8d61207469e1babf74206be1babb2078696e682078e1baaf6e2c207472656e64792070686f6e672063c3a163682048c3a06e205175e1bb91632063686f2063c3a1632063c3b4206ec3a06e67207468e1bb8f612073e1bba963206ce1bbb161206368e1bb8d6e2e',
    129000,
    0,
    4,
    10
  ),(
    11,
    'Áo croptop dệt kim tay ngắn phối họa tiết sọc ngang trẻ trung cho nữ',
    X '4368e1baa574206c69e1bb87752063616f2063e1baa5702c206de1bb816d206de1baa1692c2074686fc3a16e67206b68c3ad2c206368e1bb916e672076c3b36e2063e1bba5632c2073e1bb9d2076c3a06f2072e1baa574206de1bb8b6e2e0a20202020546869e1babf74206be1babf20c491e1bb996320c491c3a16f206769c3ba702062e1baa16e207472e1bb9f206ec3aa6e207468616e68206ce1bb8b63682076c3a0207468e1bb9d69207472616e67206de1bb9769206e67c3a0792e',
    169000,
    0,
    2,
    100
  ),(
    12,
    'Áo sơ mi nữ cổ vest cộc tay hai túi ngực kiểu nắp, Áo sơ mi nữ cổ vest tay ngắn trơn thiết kế 2 túi nắp ngực Hàn Quốc',
    X '4368e1baa574206c69e1bb87752063616f2063e1baa5702c206de1bb816d206de1baa1692c2074686fc3a16e67206b68c3ad2c206368e1bb916e672076c3b36e2063e1bba5632c2073e1bb9d2076c3a06f2072e1baa574206de1bb8b6e2e0a20202020546869e1babf74206be1babf20c491e1bb996320c491c3a16f206769c3ba702062e1baa16e207472e1bb9f206ec3aa6e207468616e68206ce1bb8b63682076c3a0207468e1bb9d69207472616e67206de1bb9769206e67c3a0792e',
    159000,
    0,
    2,
    130
  ),(
    13,
    'Áo Croptop Dệt Kim Tay Ngắn Cổ Tròn Phong Cách Hàn Quốc Cho Nữ',
    X '54e1bba569206dc3ac6e682076e1bbab61207261206de1baaf74206de1baab7520c3a16f2072e1baa574206cc3a02078696e682076c3a02068e1bba3702076e1bb9b69207468e1bb9d69207469e1babf74206dc3b961206ec3a079206ce1baaf6d20c491c3a279206b68c3a1636820c6a169696920f09fa5b020c3816f20666f726d207369c3aa752074c3b46e2064c3a16e672076c3a02064e1bb85206de1bab763206ce1baa169206769e1bbaf20e1baa56d2074e1bb9174206ce1baaf6d20c3bd2028c3802063c3a1632062e1baa16e20e1bb9f2053c3a0692047c3b26e2063c5a96e6720c491e1bbab6e67206c6f2062e1bb8b206ec3b36e67206e6861206de1bab7632064c3b9206cc3a0207461792064c3a069206e68c6b06e6720c3a16f2063c3b320c491e1bb99207468e1baa56d2068c3ba74206de1bb932068c3b469206de1bab7632074686fe1baa369206dc3a169206ce1baaf6d206ec3a8205e5e292e',
    159000,
    0,
    2,
    55
  ),(
    14,
    'Áo Croptop Kiểu Nữ - Áo Crt Khuy Cài Siêu Hot - LP.STORE',
    X '54e1bba569206dc3ac6e682076e1bbab61207261206de1baaf74206de1baab7520c3a16f2072e1baa574206cc3a02078696e682076c3a02068e1bba3702076e1bb9b69207468e1bb9d69207469e1babf74206dc3b961206ec3a079206ce1baaf6d20c491c3a279206b68c3a1636820c6a169696920f09fa5b020c3816f20666f726d207369c3aa752074c3b46e2064c3a16e672076c3a02064e1bb85206de1bab763206ce1baa169206769e1bbaf20e1baa56d2074e1bb9174206ce1baaf6d20c3bd2028c3802063c3a1632062e1baa16e20e1bb9f2053c3a0692047c3b26e2063c5a96e6720c491e1bbab6e67206c6f2062e1bb8b206ec3b36e67206e6861206de1bab7632064c3b9206cc3a0207461792064c3a069206e68c6b06e6720c3a16f2063c3b320c491e1bb99207468e1baa56d2068c3ba74206de1bb932068c3b469206de1bab7632074686fe1baa369206dc3a169206ce1baaf6d206ec3a8205e5e292e',
    159000,
    0,
    2,
    55
  ),(
    15,
    'Áo croptop nữ trễ vai tay ngắn kiểu ôm, áo crt ôm đắp chéo ngực siêu dễ thương',
    X '54e1bba569206dc3ac6e682076e1bbab61207261206de1baaf74206de1baab7520c3a16f2072e1baa574206cc3a02078696e682076c3a02068e1bba3702076e1bb9b69207468e1bb9d69207469e1babf74206dc3b961206ec3a079206ce1baaf6d20c491c3a279206b68c3a1636820c6a169696920f09fa5b020c3816f206de1bb8f6e67206e68e1bab9206ec3aa6e206de1bab7632072e1baa5742064e1bb85206368e1bb8b752c2074686fe1baa369206dc3a1692c206e676fc3a0692072612063c3b26e2063686520c491c6b0e1bba36320312073e1bb91206b687579e1babf7420c49169e1bb836d2063c6a1207468e1bb83202e',
    259000,
    0,
    2,
    55
  ),(
    16,
    'Áo Khoác Cardigan Len Mỏng Cho Nữ Phong Cách Hàn Quốc Sexy, Labibi',
    X 'c3816f206b686fc3a16320436172646967616e2076e1bb9b692070686f6e672063c3a16368207472e1babb207472756e672c20746869e1babf74206be1babf20c491c6a16e206769e1baa36e2064e1bb85207068e1bb916920c491e1bb932c2063c3b3207468e1bb83206be1babf742068e1bba3702076e1bb9b69206e6869e1bb8175206c6fe1baa169207472616e67207068e1bba563206e68c6b03a2076c3a17920322064c3a2792c2076c3a17920626f64792c20c3a16f2063726f70746f702c2062696b696e692ce280a6205068c3b92068e1bba3702063686f206de1bb8d692063c3b42067c3a1692c20c491e1bab763206269e1bb8774206cc3a0206e68e1bbaf6e672063c3b4206ec3a06e67207468c3ad6368207374796c65206e68e1bab9206e68c3a06e6720717579e1babf6e2072c5a9',
    259000,
    0,
    2,
    15
  ),(
    17,
    'Áo Khoác Cardigan Len Mỏng Phong Cách Hàn Quốc AK01',
    X 'c3816f206b686fc3a16320436172646967616e2076e1bb9b692070686f6e672063c3a16368207472e1babb207472756e672c20746869e1babf74206be1babf20c491c6a16e206769e1baa36e2064e1bb85207068e1bb916920c491e1bb932c2063c3b3207468e1bb83206be1babf742068e1bba3702076e1bb9b69206e6869e1bb8175206c6fe1baa169207472616e67207068e1bba563206e68c6b03a2076c3a17920322064c3a2792c2076c3a17920626f64792c20c3a16f2063726f70746f702c2062696b696e692ce280a6205068c3b92068e1bba3702063686f206de1bb8d692063c3b42067c3a1692c20c491e1bab763206269e1bb8774206cc3a0206e68e1bbaf6e672063c3b4206ec3a06e67207468c3ad6368207374796c65206e68e1bab9206e68c3a06e6720717579e1babf6e2072c5a9',
    229000,
    0,
    2,
    44
  ),(
    18,
    'Áo croptop tay dài cột nơ màu trắng siêu xinh, siêu đẹp',
    X 'c3816f20746869e1babf74206be1babf2064c3a16e672064c3a16e6720c3b46d20717579e1babf6e2072c5a92c20206861692064c3a2792063c3b3206368e1bb917420c49169e1bb8175206368e1bb896e6820c491e1bb832063c3b3207468e1bb8320c49169e1bb8175206368e1bb896e6820c491e1bb992064c3a0692063e1bba76120c3a16f2076c3a020c491e1bb99207472e1bb852063e1bba761206e67e1bbb1632e20c3816f2063c3b3207468e1bb83206be1babf2068e1bba3702076e1bb9b69207175e1baa76e206a65616e2c206368c3a26e2076c3a179206d616e6720c491e1babf6e2073e1bbb1207472e1babb207472756e672c206ec4836e6720c491e1bb996e6720686179206be1babf742068e1bba3702076e1bb9b6920c3a16f20766573742c20c3a16f206b686fc3a1632074687520c491c3b46e672063c5a96e672072e1baa5742068e1bba370',
    229000,
    0,
    2,
    44
  ),(
    19,
    'Áo hai dây Mandela croptop nữ dáng ôm siêu xịn xò, áo 2 dây nữ croptop đẹp vải cotton co dãn',
    X 'c3816f206861692064c3a279206b68c3b46e67207468e1bb8320746869e1babf752074726f6e672074e1bba720c491e1bb932063e1bba7612063c3a163206ec3a06e672c2076e1bbab61206dc3a174206de1babb206ce1baa1692063e1bba9206469e1bb876e2076c3a06f206cc3a020e2809c78696e682068e1babf74206ee1baa563e2809d2e20c3816f20746869e1babf74206be1babf2064c3a16e672064c3a16e6720c3b46d20717579e1babf6e2072c5a92c20206861692064c3a2792063c3b3206368e1bb917420c49169e1bb8175206368e1bb896e6820c491e1bb832063c3b3207468e1bb8320c49169e1bb8175206368e1bb896e6820c491e1bb992064c3a0692063e1bba76120c3a16f2076c3a020c491e1bb99207472e1bb852063e1bba761206e67e1bbb1632e',
    189000,
    0,
    2,
    64
  ),(
    20,
    'ÁO 2 DÂY BASIC VINTAGE SIÊU HOT 2020 ( kèm ảnh thật )',
    X 'c3816f2063c3b3207468e1bb83206be1babf2068e1bba3702076e1bb9b69207175e1baa76e206a65616e2c206368c3a26e2076c3a179206d616e6720c491e1babf6e2073e1bbb1207472e1babb207472756e672c206ec4836e6720c491e1bb996e6720686179206be1babf742068e1bba3702076e1bb9b6920c3a16f20766573742c20c3a16f206b686fc3a1632074687520c491c3b46e672063c5a96e672072e1baa5742068e1bba3702e204368e1baaf63206368e1baaf6e2062e1baa16e206b68c3b46e67207468e1bb832062e1bb8f2071756120636869e1babf632061cc816f2032206461cc827920c49165cca370206ec3a0792072e1bb936921',
    189000,
    0,
    2,
    72
  ),(
    21,
    'Váy công chúa trễ vai ren ulzzang - V15 - jannahouse',
    X '5369c3aa75207068e1baa96d2076c3a1792063e1bb99742064c3a2792063686f2063c3a163207469e1bb8375207468c6b02062c3a16e682062c3a86f206de1bb9b692063e1baad70206b686f206e68c3a020416e696553746f7265206e686121212056c3a179207375c3b46e672068e1bb936e672068e1bb8d61207469e1babf7420686f61206e68c3ad2e0a2020202043c3a163206ec3a06e67207875e1bb916e67207068e1bb912c2064e1baa16f206269e1bb836e2c207669207675206475206ce1bb8b63682063e1bbb1632068e1bba37020c491c3b3206e686121',
    169000,
    0,
    3,
    20
  ),(
    22,
    'Váy hoa ullzang dáng dài cổ tim voan tơ - Đầm hoa nhí Vintage',
    X '43c3a163206ec3a06e67207875e1bb916e67207068e1bb912c2064e1baa16f206269e1bb836e2c207669207675206475206ce1bb8b63682063e1bbb1632068e1bba37020c491c3b3206e6861210a202020205068e1bb9169206e68e1bab920767320636869e1babf632074c3ba692076e1baa3692043616e766173206e68c3a020616e6965206ee1bbaf61207468c3ac2068e1babf7420c3ad20c491c3b320e1baa1',
    139000,
    0,
    3,
    22
  ),(
    23,
    'Đầm nữ cổ V họa tiết dập nổi thanh lịch ngọt ngào nữ tính',
    X '43c3a163206ec3a06e67207875e1bb916e67207068e1bb912c2064e1baa16f206269e1bb836e2c207669207675206475206ce1bb8b63682063e1bbb1632068e1bba37020c491c3b3206e6861210a202020205068e1bb9169206e68e1bab920767320636869e1babf632074c3ba692076e1baa3692043616e766173206e68c3a020616e6965206ee1bbaf61207468c3ac2068e1babf7420c3ad20c491c3b320e1baa1',
    149000,
    0,
    3,
    33
  ),(
    24,
    'Đầm - váy hai dây voan tơ buộc vai 2 lớp ',
    X '4de1baab752076c3a179206e68e1bab9206e68c3a06e67207469e1bb8375207468c6b02063686f2063c3a163206ec3a06e672062c3a16e682062c3a86f2076e1bbab612076e1bb81206b686f20566f677565206e6861210a202020204dc3a3206de1bb9b692078c6b0e1bb9f6e672062c3aa6e20616e6965206de1bb9b6920746869e1babf74206be1babf206368c3a06f2068c3a06e672063c3a163206ec3a06e67206c75c3b46e20e1baa10a20202020546869e1babf74206be1babf206ec6a1206e67c6b063206275e1bb99632c207461792062e1bb936e672064c3a16e672064c3a0692078696e68206ce1baaf6d206e68c3a9',
    179000,
    0,
    3,
    35
  ),(
    25,
    'Đầm Nữ Cổ Vuông Phối Nút siêu xinh nhé các nàng',
    X '546869e1babf74206be1babf206ec6a1206e67c6b063206275e1bb99632c207461792062e1bb936e672064c3a16e672064c3a0692078696e68206ce1baaf6d206e68c3a92e2056e1baa36920c491c5a9692078e1bb9170207472e1baaf6e67206de1bb8b6e2064c3a0792064e1bab76e2e0a2020202044c3a16e672076c3a1792072e1baa5742064e1bb85207068e1bb91692076e1bb9b692063c3a163207068e1bba5206b69e1bb876e206e68612c206769c3a07920626f6f7473207673206775e1bb91632063e1bbb1632068e1bba37020c491c3b320e1baa1',
    189000,
    0,
    3,
    45
  ),(
    26,
    'Váy Hoa Hai Dây Dáng Dài Kiểu Dáng Dễ Thương Xinh Xắn',
    X '546869e1babf74206be1babf206ec6a1206e67c6b063206275e1bb99632c207461792062e1bb936e672064c3a16e672064c3a0692078696e68206ce1baaf6d206e68c3a92e2056e1baa36920c491c5a9692078e1bb9170207472e1baaf6e67206de1bb8b6e2064c3a0792064e1bab76e2e0a2020202044c3a16e672076c3a1792072e1baa5742064e1bb85207068e1bb91692076e1bb9b692063c3a163207068e1bba5206b69e1bb876e206e68612c206769c3a07920626f6f7473207673206775e1bb91632063e1bbb1632068e1bba37020c491c3b320e1baa1',
    189000,
    0,
    3,
    5
  ),(
    27,
    'Đầm váy trắng cổ bèo đan dây trước (kèm hình thật)',
    X '4de1baab752076c3a179206e68e1bab9206e68c3a06e67207469e1bb8375207468c6b02063686f2063c3a163206ec3a06e672062c3a16e682062c3a86f2076e1bbab612076e1bb81206b686f20566f677565206e6861210a202020204dc3a3206de1bb9b692078c6b0e1bb9f6e672062c3aa6e20616e6965206de1bb9b6920746869e1babf74206be1babf206368c3a06f2068c3a06e672063c3a163206ec3a06e67206c75c3b46e20e1baa12e0a20202020546869e1babf74206be1babf206ec6a1206e67c6b063206275e1bb99632c207461792062e1bb936e672064c3a16e672064c3a0692078696e68206ce1baaf6d206e68c3a92e0a2020202056e1baa36920c491c5a9692078e1bb9170207472e1baaf6e67206de1bb8b6e2064c3a0792064e1bab76e',
    239000,
    0,
    3,
    11
  ),(
    28,
    'Đầm Nữ Babydoll Nơ Ngực xinh xắn tiểu thư cực kỳ duyên dáng khi đi học và đi chơi Mã VT02',
    X '4de1baab752076c3a179206e68e1bab9206e68c3a06e67207469e1bb8375207468c6b02063686f2063c3a163206ec3a06e672062c3a16e682062c3a86f2076e1bbab612076e1bb81206b686f20566f677565206e6861210a202020204dc3a3206de1bb9b692078c6b0e1bb9f6e672062c3aa6e20616e6965206de1bb9b6920746869e1babf74206be1babf206368c3a06f2068c3a06e672063c3a163206ec3a06e67206c75c3b46e20e1baa12e0a20202020546869e1babf74206be1babf206ec6a1206e67c6b063206275e1bb99632c207461792062e1bb936e672064c3a16e672064c3a0692078696e68206ce1baaf6d206e68c3a92e0a2020202056e1baa36920c491c5a9692078e1bb9170207472e1baaf6e67206de1bb8b6e2064c3a0792064e1bab76e',
    239000,
    0,
    3,
    11
  ),(
    29,
    'Váy hai dây hoa nhí - Đầm bông hai dây Maina',
    X '56c3a179206e68c3a0204a616e6e61206de1bab76320c491c6b0e1bba3632034206dc3b961206c75c3b46e2063c3a163206ec3a06e67206e68c3a920f09f988df09f988d0a202020205468c3ad63682068e1bba370206de1bab76320c491692068e1bb8d632c20c491692064e1baa16f207068e1bb912c206368e1bba57020e1baa36e682073e1bb916e6720e1baa36f2070617274792062e1baa574206368e1baa570206c75c3b46e20f09f94a5f09f94a5f09f94a50a20202020c490e1baa36d2062e1baa36f206de1bab7632076c3a06f2078696e682068c6a16e20c491e1bba961206dc3ac6e68206768c3a97420e1baa1203e223c',
    259000,
    0,
    3,
    33
  ),(
    30,
    'Váy ulzzang tiểu thư công chúa phối nơ - V16 - jannahouse',
    X '56c3a179206e68c3a0204a616e6e61206de1bab76320c491c6b0e1bba3632034206dc3b961206c75c3b46e2063c3a163206ec3a06e67206e68c3a920f09f988df09f988d0a202020205468c3ad63682068e1bba370206de1bab76320c491692068e1bb8d632c20c491692064e1baa16f207068e1bb912c206368e1bba57020e1baa36e682073e1bb916e6720e1baa36f2070617274792062e1baa574206368e1baa570206c75c3b46e20f09f94a5f09f94a5f09f94a50a20202020c490e1baa36d2062e1baa36f206de1bab7632076c3a06f2078696e682068c6a16e20c491e1bba961206dc3ac6e68206768c3a97420e1baa1203e223c',
    269000,
    0,
    3,
    66
  ),(
    31,
    'Quần Sooc Quần Short Nữ Vải Xước X.0 Hàn Chất Vải Thoáng Mát Phong Cách Thời Trang Hàn Quốc',
    X '5175e1baa76e2073686f727420c491c6b0e1bba3632079c3aa7520636875e1bb996e672062e1bb9f69206ec3b32074c3b46e206cc3aa6e2063e1bab770206368c3a26e2064c3a069206d69c3aa6e206d616e2063e1bba7612063c3b42067c3a1692c2072e1baa5742074686fc3a16e67206dc3a174206b68692073e1bbad2064e1bba56e672076c3a020c491e1bb99207468e1bb9d69207472616e67206b68c3b46e672068e1bb812074687561206bc3a96d2062e1baa5742063e1bba9206de1bb9974206974656d206ec3a06f206b68c3a1632e2056e1bb9b69207175e1baa76e2073686f72742c206e68e1bbaf6e67206e67c3a07920c491e1baa779206ee1baaf6e672063e1bba761206ec3a06e672073e1babd207468c3aa6d207468c3ba2076e1bb8b2076c3a0207472c3a06e206e67e1baad70206e69e1bb816d207675692e',
    169000,
    0,
    1,
    20
  ),(
    32,
    'Quần Short Cạp Cao Ulzzang - Hàng có sẵn',
    X '4368e1bb8b20656d206d75e1bb916e2074c3ac6d206c6fe1baa169207175e1baa76e20736f6f63206de1bb816d202c206bc3ad6e20c491c3a16f202c206b68c3b46e67207175c3a12068e1bb9f206861792073657879206dc3a0206de1bab7632076e1baab6e2074686fe1baa369206dc3a169202b207469e1bb876e206ce1bba369202b206d69782076e1bb9b6920c3a16f206ec3a06f2063c5a96e6720c491c6b0e1bb9b63207468c3ac20c491e1babf6e206e6761792076e1bb9b69206520736f6f6320c490c5a8492058c6afe1bb9a43206ec3a0792063e1bba7612065206e68c3a920',
    169000,
    0,
    1,
    33
  ),(
    33,
    'Quần short ống rộng CRQ023 Unisex Nam - Nữ cạp cao lưng thun màu đen D50',
    X '4368e1bb8b20656d206d75e1bb916e2074c3ac6d206c6fe1baa169207175e1baa76e20736f6f63206de1bb816d202c206bc3ad6e20c491c3a16f202c206b68c3b46e67207175c3a12068e1bb9f206861792073657879206dc3a0206de1bab7632076e1baab6e2074686fe1baa369206dc3a169202b207469e1bb876e206ce1bba369202b206d69782076e1bb9b6920c3a16f206ec3a06f2063c5a96e6720c491c6b0e1bb9b63207468c3ac20c491e1babf6e206e6761792076e1bb9b69206520736f6f6320c490c5a8492058c6afe1bb9a43206ec3a0792063e1bba7612065206e68c3a920',
    169000,
    0,
    1,
    53
  ),(
    34,
    'Quần SHORT JEAN 01 Nữ 1hitshop (màu XANH NHẠT)',
    X '4769e1bb9b6920746869e1bb87752073e1baa36e207068e1baa96d205175e1baa76e20e1bb916e672072e1bb996e6720c490c5a8492058c6afe1bb9a432063e1baa170206368756e207369c3aa7520c491e1bab9700a20202020436869e1babf63207175e1baa76e2064c3a06920e1bb916e672072e1bb996e6720c491c5a969206ec3a0792073e1babd206b6869e1babf6e2074e1bba720c491e1bb932063e1bba7612062e1baa16e207468c3aa6d206e6869e1bb8175206ce1bbb161206368e1bb8d6e2064e1baa16f207068e1bb91206e68612e2053e1baa36e207068e1baa96d2063e1bbb163206be1bbb32074686fc3a16e67206dc3a1742c206769c3ba702062e1baa16e206ec4836e6720c491e1bb996e67207375e1bb9174206e67c3a079',
    179000,
    0,
    1,
    69
  ),(
    35,
    'Quần giả váy phối cúc siêu Hot - HKA001',
    X '5175e1baa76e206769e1baa32076c3a1792063e1bbb1632078696e68206c75c3b46e20e1baa12c20466f726d2062616f20c491e1bab970206b68c3a16368206e68c3a92e48c3a06e67206e68c3a02065206c6fe1baa169203120e1baa10a202020204cc3aa6e2064c3a16e672072e1baa574206f6b',
    179000,
    0,
    1,
    69
  ),(
    36,
    'Quần Đũi Dài quần ống rộng siêu Hot cao cấp mẫu mới 2021',
    X '4368e1baa574206c69e1bb877520c491c5a969206c696e656e202874686fc3a16e67206dc3a1742c206e68e1bab92076c3a0207468e1baa56d2068c3ba74206de1bb932068c3b4692063e1bbb163206be1bbb32074e1bb9174202c2073e1bba3692076e1baa3692062e1bb816e202c206368e1baaf63202c2063c3a06e672064c3b96e67206cc3a2752076e1baa3692063c3a06e67206de1bb816d2076c3a020c3aa6d2e29',
    179000,
    0,
    1,
    59
  ),(
    37,
    'Quần Đũi Dài quần ống rộng siêu Hot cao cấp mẫu mới 2021',
    X '4368e1baa574206c69e1bb877520c491c5a969206c696e656e202874686fc3a16e67206dc3a1742c206e68e1bab92076c3a0207468e1baa56d2068c3ba74206de1bb932068c3b4692063e1bbb163206be1bbb32074e1bb9174202c2073e1bba3692076e1baa3692062e1bb816e202c206368e1baaf63202c2063c3a06e672064c3b96e67206cc3a2752076e1baa3692063c3a06e67206de1bb816d2076c3a020c3aa6d2e29',
    179000,
    0,
    1,
    69
  ),(
    38,
    'Quần Ống Rộng Nữ vải Đũi cạp chun MADELA siêu hack dáng kute, Quần Ống Suông Nữ chất Đũi mát',
    X '4368e1baa574206c69e1bb877520c491c5a969206c696e656e202874686fc3a16e67206dc3a1742c206e68e1bab92076c3a0207468e1baa56d2068c3ba74206de1bb932068c3b4692063e1bbb163206be1bbb32074e1bb9174202c2073e1bba3692076e1baa3692062e1bb816e202c206368e1baaf63202c2063c3a06e672064c3b96e67206cc3a2752076e1baa3692063c3a06e67206de1bb816d2076c3a020c3aa6d2e29',
    179000,
    0,
    1,
    69
  ),(
    39,
    'Quần đũi linen 2 màu siêu xinh, siêu đẹp nhé',
    X 'c490e1bab76320c49169e1bb836d3a2076e1baa3692072e1baa5742062e1bb816e2076c3a020c491e1bab9702063c3b96e67206b69e1bb83752064c3a16e672063756c6f74746573207468e1bb9d69207468c6b0e1bba36e67206769c3ba70206368e1bb8b20656d207468612068e1bb93206be1babf742068e1bba370207374796c65207468e1bb9d69207472616e67206de1bb9b69206ce1baa12063686f207269c3aa6e67206dc3ac6e682c20',
    229000,
    0,
    1,
    69
  ),(
    40,
    'Quần Đùi In Gấu Nâu Unisex Hot Hit Quần Đùi Ống Rộng Trendy',
    X 'c490e1bab76320c49169e1bb836d3a2076e1baa3692072e1baa5742062e1bb816e2076c3a020c491e1bab9702063c3b96e67206b69e1bb83752064c3a16e672063756c6f74746573207468e1bb9d69207468c6b0e1bba36e67206769c3ba70206368e1bb8b20656d207468612068e1bb93206be1babf742068e1bba370207374796c65207468e1bb9d69207472616e67206de1bb9b69206ce1baa12063686f207269c3aa6e67206dc3ac6e682c20',
    249000,
    0,
    1,
    69
  );
INSERT INTO
  users(id, username, email, password, role)
VALUES(
    1,
    'admin',
    '',
    '$2a$14$dpVA2i.XV4F8ep0trkQXROxypJS4IWUPy8idbdX0rWknIaTVf6ufi',
    'admin'
  );
